sha256,cond_rendered
0006d4c69de70f84754df85c2ec0a34514223f941500f080c84c19da7e137998,True
00128c5f4884f93566f9250fbe2ba439351190d2aa417e64e52b0ae0f2565222,True
002d966114300bd368dcccd10046f5cee660120548dd7ae63710e4a3ff967043,True
0037f821028abeef50670d1f7cb60629a10d72f8e4195db7e483d6ab26f685fd,True
003b5915cd013fae1e58145efa30174315092bb12baaf717ab8cb207195f2217,True
0063a3bf2f2f0a4f8bf91e9ea759a4be7ca39b22f775b75bfc9d126a81dfe304,True
00779dbb16996270a23bc1be2c6ff67717d55c88729dc9a6f677be0cc9193d32,True
008c3304bc5f737f4ef4d334e322938d1912be3565bdae833a0fc72b84c301f9,True
009728c65630beae7a466c4a54df602241be38781b8f03b3a0bb545a849df907,True
009972b67c6e734315da408a2650c4e33c9dbf5806ae0ce202fa98ac84596864,True
00a9e6b408116c317aecdba787ccfa7843602e0c3897fac625b339802adfbe73,True
00c3b7890cd580a3b8f9e7c25d9030c78d8a7f7882a185d0bf65c1f4fc5af0d3,True
00d2b0c2b486238f1eae77b619f1b84c9013e979469132cc54be88582076f0ee,True
00da2999f7b8168a3d9d2861f769ae6ee25c61e0be6f990184c9862d9b84e7b5,True
00e7a1a17e953bc15ef6491f141c78c71528f53119c7358144c1a7147b09be99,True
01062f955218386b61d52aa43a6e9689aa3941c0b666dd2e1561336d55ce098c,True
01175e9049af8d7690beebc0ea6eddfa76a1ba1a9945500e9805e9271b2e901b,True
011fd421d662c0d0d91d546d87d66b4db4ded779eb045ac366d8f5f275a11fd7,True
01214d0b04dce7207ec27f17703e42c1675195c084cacb8b550679ee75291827,True
01215bd12a47c270fca1bf078b059094769c603358140166fb428c86872630c5,True
012c1d111f3943dab018fb260a6a6bf9bfbe68deede042f74da9835c649529ee,True
0131fe71c14f647569e9396ff3aa1253af081e45cd0a825397e6d0e6610b6ee4,True
0136442e90465dc73e8eb70c8c15910e385162d31762adcf9796395104b7a705,True
0155f9939ee70bd932ee94e66c78a4b24ec126b9a8cff2daec2cfb62f0aae0b4,True
015a320de904cf9b7e5435545a6a1f8854c283a79c76fce9260e92895c37469d,True
017c01c6fb952cfc1a7d7f492c4300dc6fecc1ac4dd33f7b3b5387e2d36a73b0,True
01a1fa696022bbed787ec0b6f9de6b9de70d570fe0d5ef2c5ad9034844b1d10e,True
01b95906bade1e32d91729786f4887b11730ce0802dff915810292f3517b45dd,True
01d2af4d50cbb58cb7316a8833022a2f622bba1afbfa46b21105d87cf0b3c139,True
01d77f5879d6580a7bdf8fc2d7ea7c979a094edd203a6c58aa75cd827bba6f7c,True
01d9494d0538727f6423c7ceb6f1f8e32185e99f0c3c5086a01114ee2ed7977f,True
0210710f52f93813e85872ddac76bb0a4449649ba69d51b8ebf8a461c422bcf4,True
0233361a30bf6aae4bb4d7b3dc725df484c351712b08d9a58d817659a6765ec1,True
024c87aa7634f6ac1de4bb1d8cf8985363ad8eccd6ab6d72c1ed75ea7637c8a5,True
025955d0ad2be961208119ab86b950f9b77d2966eaf38af7588c8f9c3d01129c,True
02702cd2ef50928fdf691d478e2f078df012c72245927cb989286aa261cd49f8,True
028b624ba86a86ffff06b60a661e0303fdd5b19cac870595bc3f3d2b952811e7,True
029141ebf95abf2e0956a7b224bdf3b6d9760f4a244848ec88bbdc31ce61ec92,True
02a09b73fd7e8dd9abeebd3117a0c460afc3cb2a1617d92d2d36eecb101b0b88,True
02b232d5555af5cc14f82333ef99064d6017f4308ecbfbde5fe0c10f77a9757b,True
02b99aa7721814968f6b35464958654ad729daba0d6cbfeafb86ef871001a098,True
02c8f2346f51cdd6171ce9093e9003b269245f5acfc54a61a42e07299e0d031b,True
02eebeda7e2a1388fb840a88fbb986262d9adefc2e15cefd593ec8eca2aa2601,True
031ece9a680ce593fe88b62f235dd9ecf2936279953756d7dc47c399ed3dca17,True
033c244456bf7a124ac493de2cceea4850ff6d726e22428edce6802ab7fa56ee,True
03514e2357d2b77ca673b7f4c3c8a60183f34ed296e69c3c73a951e2fd266ecd,True
035b0a2ba0918b552450a30d96ae81b06abcbfba679501e5142bf6a2192905a0,True
036431c151c6d7fbd0ed8620d0d8bc1060b34fcfab02998544097242ed08bef2,True
03727175462525e95f5929ba22c738376e0c0b350015db2d46d9d4e4325c9297,True
0381a28e6a995f1e6ffed02309d9d9953aae8866cc60753a6bac4a0a3737e33b,True
